Residue,RMSF_Å
1,2.4020603
2,2.261757
3,2.018114
4,1.6596181
5,1.4965034
6,1.1696275
7,0.9970348
8,0.89057124
9,0.69050497
10,0.6264924
11,0.670069
12,0.8527923
13,1.1882555
15,1.8499851
16,1.1762973
17,1.4895203
18,1.5152876
19,1.7620199
20,2.0341108
21,2.502777
1,2.0215707
