Residue,RMSF_Å
1,1.3644689
2,1.2283303
3,1.4853507
4,1.4891101
5,1.3582551
6,1.2350398
7,1.0420946
8,0.96473485
9,0.72049403
10,0.62993395
11,0.6010563
12,0.80347985
13,1.0397122
15,1.2610974
16,0.9350089
17,1.2096162
18,1.3712645
19,1.8649569
20,2.1688967
21,2.6719494
