Residue,RMSF_Å
2,1.6638399
3,0.5999303
4,0.568121
5,0.4614778
6,0.41705137
7,0.50422895
8,0.46744776
9,0.39248225
10,0.405111
11,0.39952758
12,0.3651671
13,0.3894567
14,0.36304447
15,0.43887797
16,0.51318634
17,0.5330623
18,0.64908934
19,0.65362155
20,0.78524286
21,0.65160966
22,0.6698399
23,0.6222934
24,0.6964073
25,0.66650724
26,0.5897962
27,0.542409
28,0.5151132
29,0.537037
30,0.42645213
31,0.45516604
32,0.5127522
33,0.5057051
34,0.4148891
35,0.47394302
36,0.40660056
37,0.41634235
38,0.5390233
39,0.4540789
40,0.41973805
41,0.49155533
42,0.5116218
43,0.39699388
44,0.43504253
45,0.42852584
46,0.4768318
47,0.56491745
48,0.6290978
49,0.67764616
50,0.6787345
51,0.51091915
52,0.5257305
53,0.50937706
54,0.42014864
55,0.317674
56,0.3357446
57,0.3388554
58,0.39494398
59,0.432253
60,0.4456104
61,0.48524922
62,0.47422263
63,0.53604686
64,0.41728395
65,0.3629871
66,0.34031716
67,0.32715356
68,0.31114364
69,0.3381952
70,0.35428986
71,0.3213571
72,0.33567673
73,0.33185357
74,0.3728104
75,0.38653266
76,0.42412165
77,0.46347225
78,0.5121747
79,0.5333705
80,0.47542304
81,0.3977963
82,0.37129757
83,0.35400584
84,0.33030874
85,0.32070965
86,0.32595307
87,0.44946635
88,0.50555456
89,0.5860157
90,0.6442543
91,0.6025911
92,0.7953239
93,0.6926071
94,0.86520886
95,1.421488
96,1.4847939
97,1.8723962
