Residue,RMSF_Å
2,1.2184069
3,0.7047014
4,0.5862864
5,0.46546507
6,0.40833232
7,0.47434646
8,0.50812817
9,0.4135915
10,0.45000628
11,0.4285032
12,0.4239519
13,0.39318264
14,0.36691454
15,0.4397818
16,0.43912804
17,0.4229635
18,0.5562908
19,0.56949466
20,0.7115909
21,0.6611809
22,0.6672982
23,0.67999196
24,0.7087828
25,0.70589596
26,0.6028315
27,0.584492
28,0.6252844
29,0.67535967
30,0.5310767
31,0.5309251
32,0.676281
33,0.71422213
34,0.49419767
35,0.57104146
36,0.5925399
37,0.5662429
38,0.5622003
39,0.57805103
40,0.50831014
41,0.5278699
42,0.49324363
43,0.4442749
44,0.47518817
45,0.49615848
46,0.51972723
47,0.6048671
48,0.622036
49,0.7380812
50,0.67807764
51,0.51856256
52,0.49590003
53,0.44958624
54,0.4048891
55,0.405422
56,0.3527071
57,0.3633256
58,0.42265746
59,0.4465899
60,0.46534407
61,0.5059751
62,0.4821451
63,0.53261656
64,0.47683436
65,0.42019957
66,0.4077232
67,0.4905875
68,0.43720728
69,0.35939288
70,0.37532163
71,0.40325195
72,0.36700004
73,0.38887727
74,0.3936028
75,0.36142853
76,0.46537367
77,0.4895044
78,0.6177656
79,0.7175181
80,0.58319974
81,0.45762274
82,0.40097085
83,0.3741877
84,0.37327573
85,0.36092436
86,0.38657713
87,0.45124227
88,0.48599568
89,0.53253025
90,0.5533232
91,0.48067045
92,0.6152416
93,0.6138135
94,0.66250455
95,1.0537263
96,1.2432257
97,1.2401603
