Residue,RMSF_Å
1,1.8137913
2,1.6278769
3,1.3950986
4,1.2069645
5,1.2338761
6,1.1686053
7,0.8714843
8,0.7389199
9,0.68210804
10,0.45598862
11,0.6378132
12,0.7843831
13,0.8576447
14,1.4965358
15,0.9454018
16,0.96682066
17,0.9017017
18,1.1771431
19,1.5308112
20,1.6170104
21,1.5509706
1,1.5525279
