Residue,RMSF_Å
2,1.2117314
3,0.82781076
4,0.67422223
5,0.5802015
6,0.5700077
7,0.5803342
8,0.6252562
9,0.5565567
10,0.535903
11,0.43376178
12,0.46832955
13,0.4390028
14,0.40619656
15,0.46102387
16,0.4078551
17,0.43567997
18,0.49114123
19,0.5213467
20,0.67579484
21,0.54581976
22,0.602723
23,0.5908651
24,0.65025216
25,0.6121969
26,0.496769
27,0.5364075
28,0.554357
29,0.5144316
30,0.46498317
31,0.5151164
32,0.5423056
33,0.47246173
34,0.46643022
35,0.64492655
36,0.67522717
37,0.6534407
38,0.6752443
39,0.5677955
40,0.5034198
41,0.49234504
42,0.41938907
43,0.41148877
44,0.41902575
45,0.47157216
46,0.4882058
47,0.5024729
48,0.5282069
49,0.5425488
50,0.5179315
51,0.46594292
52,0.44419616
53,0.3982759
54,0.36790702
55,0.4331332
56,0.45349437
57,0.43617994
58,0.4594423
59,0.49092188
60,0.5412183
61,0.7499376
62,0.9129521
63,0.6155867
64,0.5124732
65,0.49818483
66,0.47551686
67,0.4953377
68,0.48934346
69,0.52098584
70,0.54179263
71,0.51210314
72,0.48258936
73,0.44802445
74,0.4617417
75,0.4698435
76,0.48328128
77,0.47310042
78,0.51027304
79,0.69604826
80,0.501501
81,0.44415635
82,0.42680487
83,0.44850066
84,0.4287787
85,0.46851933
86,0.4734153
87,0.4400207
88,0.53405726
89,0.61247313
90,0.54827964
91,0.49273366
92,0.5967924
93,0.695783
94,0.74163586
95,1.019656
96,1.2857032
97,1.8039995
