Residue,PercentFrames
ALA13,78.44311377245509
LYS14,76.64670658682635
MET15,100.0
LYS16,17.764471057884233
TYR18,100.0
PRO19,95.20958083832335
HIS20,12.17564870259481
TRP21,100.0
PHE44,100.0
THR47,100.0
GLU49,100.0
THR50,28.942115768463072
ALA51,69.26147704590818
