Residue,RMSF_Å
3,3.2720366
4,1.2150137
5,0.71449846
6,0.6823971
7,0.58817244
8,0.58474076
9,0.4291233
10,0.3888352
11,0.35395536
12,0.32870954
13,0.3745672
14,0.45465136
15,0.56846285
16,0.8311385
17,0.94795763
18,0.6748167
19,0.59389925
20,0.40143347
21,0.3432493
22,0.35484168
23,0.3383508
24,0.36051726
25,0.3738871
26,0.5852718
27,0.9248919
28,1.0272478
29,1.6707302
30,1.8902149
31,1.9335034
32,1.6277598
33,1.8253428
34,1.2264942
35,0.9347647
36,1.1648064
37,1.2108058
38,0.9171809
39,0.53658617
40,0.4865924
41,0.4784974
42,0.40285546
43,0.3897409
44,0.36271173
45,0.370202
46,0.497925
47,0.50962436
48,0.5024968
49,0.51927465
50,0.5752819
51,0.54286253
52,0.51954925
53,0.46977577
54,0.5618979
55,0.5920995
56,0.6121114
57,0.5349581
58,0.40012938
59,0.42328167
60,0.49997312
61,0.45015556
62,0.6399173
63,0.76651514
64,0.56095165
65,0.779513
66,1.0858538
67,0.80892086
68,0.58160526
69,0.7768642
70,1.0026233
71,1.2088364
72,1.0039095
73,1.3124883
74,1.1109729
75,1.1558894
76,1.0951612
77,0.7060114
78,0.5367207
79,0.51225454
80,0.44117337
81,0.47869715
82,0.5744966
83,0.53132737
84,0.55785453
85,0.74926984
86,0.70362663
87,0.86115056
88,0.6069255
89,0.8173185
90,1.0125874
91,1.4521327
92,1.776562
